{"\u4e0a\u6d77": [121.48053886017651, 31.235929042252014], "\u4e39\u9633": [119.61250060471407, 32.01592027416992], "\u6210\u90fd": [104.08153351042463, 30.655821878416408], "\u5317\u4eac": [116.4133836971231, 39.910924547299565], "\u91cd\u5e86": [106.55843415537664, 29.568996245338923], "\u676d\u5dde": [120.21551180372168, 30.25308298169347]}